[{"model": "baseapp.business", "pk": 1, "fields": {"name": "GriefLeaders", "slug": "griefleaders", "logo": "", "primary_color": "#000000", "created_at": "2025-01-06T21:56:13.644Z", "active": true, "assessment_template_uploaded": true}}, {"model": "baseapp.business", "pk": 8, "fields": {"name": "Test", "slug": "test", "logo": "", "primary_color": "#000000", "created_at": "2025-01-14T23:02:00.205Z", "active": true, "assessment_template_uploaded": true}}, {"model": "baseapp.customuser", "pk": 1, "fields": {"password": "pbkdf2_sha256$870000$Y8sKo5wIPjfdiqHnoIpReH$F6MRHeNxNPxhNSMShKMI8ET6/jakfQ5Wj8KCkrZLmVM=", "last_login": "2025-02-11T18:18:28.329Z", "is_superuser": true, "username": "lostscythe", "first_name": "", "last_name": "", "email": "", "is_staff": true, "is_active": true, "date_joined": "2025-01-06T21:53:20.735Z", "is_hr": false, "business": null, "current_business": 1, "groups": [], "user_permissions": []}}, {"model": "baseapp.customuser", "pk": 2, "fields": {"password": "pbkdf2_sha256$870000$FhqZg7L8A73KIJzd4YUf67$DiqnRSPw8GIE8a9WFWWoHaBJws9OET9NKCpH4tBdEcE=", "last_login": "2025-01-14T23:23:21.909Z", "is_superuser": false, "username": "crochieremakiya@gmail.com", "first_name": "", "last_name": "", "email": "crochieremakiya@gmail.com", "is_staff": false, "is_active": true, "date_joined": "2025-01-07T23:07:53.864Z", "is_hr": true, "business": 1, "current_business": null, "groups": [], "user_permissions": []}}, {"model": "baseapp.customuser", "pk": 3, "fields": {"password": "pbkdf2_sha256$870000$UIsNN4UpTaLQr8MA8Ig5bO$biJoaAKUbEK7Er90Ut7ZvmkDi6pU245l+tzjm5btlRI=", "last_login": null, "is_superuser": true, "username": "a.casablanca", "first_name": "", "last_name": "", "email": "a.casablanca@griefleaders.com", "is_staff": true, "is_active": true, "date_joined": "2025-01-23T22:50:19.192Z", "is_hr": false, "business": null, "current_business": null, "groups": [], "user_permissions": []}}, {"model": "baseapp.attribute", "pk": 1, "fields": {"name": "Integrity/Accountability", "description": "", "created_at": "2025-01-07T21:55:15.167Z", "active": true, "order": 0, "business": 1}}, {"model": "baseapp.attribute", "pk": 2, "fields": {"name": "Safety", "description": "", "created_at": "2025-01-07T21:55:15.257Z", "active": true, "order": 0, "business": 1}}, {"model": "baseapp.attribute", "pk": 3, "fields": {"name": "Work Ethic", "description": "", "created_at": "2025-01-07T21:55:15.473Z", "active": true, "order": 0, "business": 1}}, {"model": "baseapp.attribute", "pk": 4, "fields": {"name": "Teamwork", "description": "", "created_at": "2025-01-07T21:55:15.677Z", "active": true, "order": 0, "business": 1}}, {"model": "baseapp.attribute", "pk": 5, "fields": {"name": "Customer Service", "description": "", "created_at": "2025-01-07T21:55:15.881Z", "active": true, "order": 0, "business": 1}}, {"model": "baseapp.attribute", "pk": 6, "fields": {"name": "Goal Orientation", "description": "", "created_at": "2025-01-07T21:55:16.064Z", "active": true, "order": 0, "business": 1}}, {"model": "baseapp.attribute", "pk": 7, "fields": {"name": "Learning Agility", "description": "", "created_at": "2025-01-07T21:55:16.258Z", "active": true, "order": 0, "business": 1}}, {"model": "baseapp.attribute", "pk": 8, "fields": {"name": "Conflict Resolution", "description": "", "created_at": "2025-01-07T21:55:16.439Z", "active": true, "order": 0, "business": 1}}, {"model": "baseapp.attribute", "pk": 9, "fields": {"name": "Self-Awareness", "description": "", "created_at": "2025-01-07T21:55:16.644Z", "active": true, "order": 0, "business": 1}}, {"model": "baseapp.attribute", "pk": 10, "fields": {"name": "Emotional Stability/Moodiness", "description": "", "created_at": "2025-01-07T21:55:16.838Z", "active": true, "order": 0, "business": 1}}, {"model": "baseapp.attribute", "pk": 11, "fields": {"name": "Ambition", "description": "", "created_at": "2025-01-07T21:55:17.029Z", "active": true, "order": 0, "business": 1}}, {"model": "baseapp.attribute", "pk": 34, "fields": {"name": "Integrity/Accountability", "description": "", "created_at": "2025-01-14T23:02:11.266Z", "active": true, "order": 0, "business": 8}}, {"model": "baseapp.attribute", "pk": 35, "fields": {"name": "Safety", "description": "", "created_at": "2025-01-14T23:02:11.373Z", "active": true, "order": 0, "business": 8}}, {"model": "baseapp.attribute", "pk": 36, "fields": {"name": "Work Ethic", "description": "", "created_at": "2025-01-14T23:02:11.567Z", "active": true, "order": 0, "business": 8}}, {"model": "baseapp.attribute", "pk": 37, "fields": {"name": "Teamwork", "description": "", "created_at": "2025-01-14T23:02:11.748Z", "active": true, "order": 0, "business": 8}}, {"model": "baseapp.attribute", "pk": 38, "fields": {"name": "Customer Service", "description": "", "created_at": "2025-01-14T23:02:11.941Z", "active": true, "order": 0, "business": 8}}, {"model": "baseapp.attribute", "pk": 39, "fields": {"name": "Goal Orientation", "description": "", "created_at": "2025-01-14T23:02:12.136Z", "active": true, "order": 0, "business": 8}}, {"model": "baseapp.attribute", "pk": 40, "fields": {"name": "Learning Agility", "description": "", "created_at": "2025-01-14T23:02:12.362Z", "active": true, "order": 0, "business": 8}}, {"model": "baseapp.attribute", "pk": 41, "fields": {"name": "Conflict Resolution", "description": "", "created_at": "2025-01-14T23:02:12.555Z", "active": true, "order": 0, "business": 8}}, {"model": "baseapp.attribute", "pk": 42, "fields": {"name": "Self-Awareness", "description": "", "created_at": "2025-01-14T23:02:12.749Z", "active": true, "order": 0, "business": 8}}, {"model": "baseapp.attribute", "pk": 43, "fields": {"name": "Emotional Stability/Moodiness", "description": "", "created_at": "2025-01-14T23:02:12.931Z", "active": true, "order": 0, "business": 8}}, {"model": "baseapp.attribute", "pk": 44, "fields": {"name": "Ambition", "description": "", "created_at": "2025-01-14T23:02:13.135Z", "active": true, "order": 0, "business": 8}}, {"model": "baseapp.questionpair", "pk": 1, "fields": {"business": 1, "attribute1": 1, "attribute2": 2, "statement_a": "I always fulfill my commitments honestly and ethically.", "statement_b": "I take proactive steps to ensure a safe work environment.", "active": true, "created_at": "2025-01-07T21:55:15.371Z", "order": 1}}, {"model": "baseapp.questionpair", "pk": 2, "fields": {"business": 1, "attribute1": 1, "attribute2": 3, "statement_a": "I take responsibility for my actions, even in difficult situations.", "statement_b": "I consistently put in the effort needed to get the job done.", "active": true, "created_at": "2025-01-07T21:55:15.575Z", "order": 2}}, {"model": "baseapp.questionpair", "pk": 3, "fields": {"business": 1, "attribute1": 1, "attribute2": 4, "statement_a": "I prioritize honesty and accountability in all interactions.", "statement_b": "I focus on creating a collaborative and supportive team dynamic.", "active": true, "created_at": "2025-01-07T21:55:15.768Z", "order": 3}}, {"model": "baseapp.questionpair", "pk": 4, "fields": {"business": 1, "attribute1": 1, "attribute2": 5, "statement_a": "I adhere to my ethical principles in all customer interactions.", "statement_b": "I strive to go above and beyond to ensure customer satisfaction.", "active": true, "created_at": "2025-01-07T21:55:15.972Z", "order": 4}}, {"model": "baseapp.questionpair", "pk": 5, "fields": {"business": 1, "attribute1": 1, "attribute2": 6, "statement_a": "I maintain my integrity while working toward my goals.", "statement_b": "I set ambitious targets and work diligently to achieve them.", "active": true, "created_at": "2025-01-07T21:55:16.154Z", "order": 5}}, {"model": "baseapp.questionpair", "pk": 6, "fields": {"business": 1, "attribute1": 1, "attribute2": 7, "statement_a": "I hold myself accountable for improving my skills and knowledge.", "statement_b": "I adapt quickly to new challenges and learning opportunities.", "active": true, "created_at": "2025-01-07T21:55:16.348Z", "order": 6}}, {"model": "baseapp.questionpair", "pk": 7, "fields": {"business": 1, "attribute1": 1, "attribute2": 8, "statement_a": "I address conflicts with honesty and fairness.", "statement_b": "I focus on resolving disagreements in a constructive way.", "active": true, "created_at": "2025-01-07T21:55:16.541Z", "order": 7}}, {"model": "baseapp.questionpair", "pk": 8, "fields": {"business": 1, "attribute1": 1, "attribute2": 9, "statement_a": "I take ownership of my decisions and their consequences.", "statement_b": "I reflect on how my actions and behavior impact others.", "active": true, "created_at": "2025-01-07T21:55:16.736Z", "order": 8}}, {"model": "baseapp.questionpair", "pk": 9, "fields": {"business": 1, "attribute1": 1, "attribute2": 10, "statement_a": "I remain consistent in my values, even under pressure.", "statement_b": "I stay calm and composed during stressful situations.", "active": true, "created_at": "2025-01-07T21:55:16.939Z", "order": 9}}, {"model": "baseapp.questionpair", "pk": 10, "fields": {"business": 1, "attribute1": 1, "attribute2": 11, "statement_a": "I prioritize acting ethically, even if it slows my progress.", "statement_b": "I am driven to achieve success and recognition in my career.", "active": true, "created_at": "2025-01-07T21:55:17.132Z", "order": 10}}, {"model": "baseapp.questionpair", "pk": 11, "fields": {"business": 1, "attribute1": 2, "attribute2": 3, "statement_a": "I am vigilant about identifying and addressing safety risks.", "statement_b": "I am dedicated to delivering high-quality results consistently.", "active": true, "created_at": "2025-01-07T21:55:17.213Z", "order": 11}}, {"model": "baseapp.questionpair", "pk": 12, "fields": {"business": 1, "attribute1": 2, "attribute2": 4, "statement_a": "I promote safety to protect everyone on the team.", "statement_b": "I contribute to a positive and cooperative team environment.", "active": true, "created_at": "2025-01-07T21:55:17.325Z", "order": 12}}, {"model": "baseapp.questionpair", "pk": 13, "fields": {"business": 1, "attribute1": 2, "attribute2": 5, "statement_a": "I ensure safety standards are followed to benefit all stakeholders.", "statement_b": "I prioritize creating a great experience for customers.", "active": true, "created_at": "2025-01-07T21:55:17.454Z", "order": 13}}, {"model": "baseapp.questionpair", "pk": 14, "fields": {"business": 1, "attribute1": 2, "attribute2": 6, "statement_a": "I prioritize safety over reaching goals too quickly.", "statement_b": "I am focused on setting and achieving ambitious goals.", "active": true, "created_at": "2025-01-07T21:55:17.557Z", "order": 14}}, {"model": "baseapp.questionpair", "pk": 15, "fields": {"business": 1, "attribute1": 2, "attribute2": 7, "statement_a": "I ensure safety protocols are adhered to in new situations.", "statement_b": "I adapt quickly to changes and learn from new experiences.", "active": true, "created_at": "2025-01-07T21:55:17.659Z", "order": 15}}, {"model": "baseapp.questionpair", "pk": 16, "fields": {"business": 1, "attribute1": 2, "attribute2": 8, "statement_a": "I address safety concerns in any conflicts that arise.", "statement_b": "I work to find fair and equitable solutions to workplace disputes.", "active": true, "created_at": "2025-01-07T21:55:17.762Z", "order": 16}}, {"model": "baseapp.questionpair", "pk": 17, "fields": {"business": 1, "attribute1": 2, "attribute2": 9, "statement_a": "I am mindful of how my actions impact workplace safety.", "statement_b": "I reflect on my own behavior to improve my performance.", "active": true, "created_at": "2025-01-07T21:55:17.852Z", "order": 17}}, {"model": "baseapp.questionpair", "pk": 18, "fields": {"business": 1, "attribute1": 2, "attribute2": 10, "statement_a": "I maintain a strong focus on safety, even under stress.", "statement_b": "I stay calm and composed when handling stressful situations.", "active": true, "created_at": "2025-01-07T21:55:17.944Z", "order": 18}}, {"model": "baseapp.questionpair", "pk": 19, "fields": {"business": 1, "attribute1": 2, "attribute2": 11, "statement_a": "I prioritize safety over personal or career advancement.", "statement_b": "I am motivated to achieve ambitious goals in my career.", "active": true, "created_at": "2025-01-07T21:55:18.045Z", "order": 19}}, {"model": "baseapp.questionpair", "pk": 20, "fields": {"business": 1, "attribute1": 3, "attribute2": 4, "statement_a": "I consistently strive to deliver my best work.", "statement_b": "I enjoy collaborating with others to achieve shared goals.", "active": true, "created_at": "2025-01-07T21:55:18.148Z", "order": 20}}, {"model": "baseapp.questionpair", "pk": 21, "fields": {"business": 1, "attribute1": 3, "attribute2": 5, "statement_a": "I am willing to go the extra mile to complete tasks effectively.", "statement_b": "I focus on ensuring customers are satisfied with their experience.", "active": true, "created_at": "2025-01-07T21:55:18.239Z", "order": 21}}, {"model": "baseapp.questionpair", "pk": 22, "fields": {"business": 1, "attribute1": 3, "attribute2": 6, "statement_a": "I put consistent effort into everything I do, regardless of difficulty.", "statement_b": "I am motivated by achieving specific and measurable goals.", "active": true, "created_at": "2025-01-07T21:55:18.330Z", "order": 22}}, {"model": "baseapp.questionpair", "pk": 23, "fields": {"business": 1, "attribute1": 3, "attribute2": 7, "statement_a": "I maintain a strong work ethic, even when tasks are unfamiliar.", "statement_b": "I quickly adapt to new challenges and approaches to improve results.", "active": true, "created_at": "2025-01-07T21:55:18.431Z", "order": 23}}, {"model": "baseapp.questionpair", "pk": 24, "fields": {"business": 1, "attribute1": 3, "attribute2": 8, "statement_a": "I focus on maintaining productivity, even during workplace disputes.", "statement_b": "I work to resolve disagreements constructively and fairly.", "active": true, "created_at": "2025-01-07T21:55:18.523Z", "order": 24}}, {"model": "baseapp.questionpair", "pk": 25, "fields": {"business": 1, "attribute1": 3, "attribute2": 9, "statement_a": "I pride myself on delivering consistent, high-quality work.", "statement_b": "I reflect on my behavior to understand its impact on my performance.", "active": true, "created_at": "2025-01-07T21:55:18.626Z", "order": 25}}, {"model": "baseapp.questionpair", "pk": 26, "fields": {"business": 1, "attribute1": 3, "attribute2": 10, "statement_a": "I stay focused on my tasks, even when under pressure.", "statement_b": "I maintain emotional balance during challenging situations.", "active": true, "created_at": "2025-01-07T21:55:18.728Z", "order": 26}}, {"model": "baseapp.questionpair", "pk": 27, "fields": {"business": 1, "attribute1": 3, "attribute2": 11, "statement_a": "I work hard to ensure the quality of my output is always high.", "statement_b": "I aim for career advancement and strive to exceed expectations.", "active": true, "created_at": "2025-01-07T21:55:18.829Z", "order": 27}}, {"model": "baseapp.questionpair", "pk": 28, "fields": {"business": 1, "attribute1": 4, "attribute2": 5, "statement_a": "I collaborate effectively to ensure team success.", "statement_b": "I focus on creating positive experiences for customers.", "active": true, "created_at": "2025-01-07T21:55:18.942Z", "order": 28}}, {"model": "baseapp.questionpair", "pk": 29, "fields": {"business": 1, "attribute1": 4, "attribute2": 6, "statement_a": "I prioritize building strong team dynamics to achieve goals.", "statement_b": "I am driven to accomplish my individual objectives.", "active": true, "created_at": "2025-01-07T21:55:19.045Z", "order": 29}}, {"model": "baseapp.questionpair", "pk": 30, "fields": {"business": 1, "attribute1": 4, "attribute2": 7, "statement_a": "I enjoy working with others to solve problems collectively.", "statement_b": "I adapt quickly to new environments and processes.", "active": true, "created_at": "2025-01-07T21:55:19.125Z", "order": 30}}, {"model": "baseapp.questionpair", "pk": 31, "fields": {"business": 1, "attribute1": 4, "attribute2": 8, "statement_a": "I foster collaboration to maintain harmony in the workplace.", "statement_b": "I address conflicts directly to find equitable solutions.", "active": true, "created_at": "2025-01-07T21:55:19.227Z", "order": 31}}, {"model": "baseapp.questionpair", "pk": 32, "fields": {"business": 1, "attribute1": 4, "attribute2": 9, "statement_a": "I focus on ensuring my contributions benefit the team.", "statement_b": "I reflect on how my actions influence the group dynamic.", "active": true, "created_at": "2025-01-07T21:55:19.329Z", "order": 32}}, {"model": "baseapp.questionpair", "pk": 33, "fields": {"business": 1, "attribute1": 4, "attribute2": 10, "statement_a": "I stay focused on team goals, even under stressful circumstances.", "statement_b": "I remain calm and composed when dealing with challenges.", "active": true, "created_at": "2025-01-07T21:55:19.443Z", "order": 33}}, {"model": "baseapp.questionpair", "pk": 34, "fields": {"business": 1, "attribute1": 4, "attribute2": 11, "statement_a": "I prioritize team success over individual recognition.", "statement_b": "I am driven to excel and achieve personal career milestones.", "active": true, "created_at": "2025-01-07T21:55:19.534Z", "order": 34}}, {"model": "baseapp.questionpair", "pk": 35, "fields": {"business": 1, "attribute1": 5, "attribute2": 6, "statement_a": "I prioritize customer satisfaction above all else.", "statement_b": "I set clear goals and work tirelessly to achieve them.", "active": true, "created_at": "2025-01-07T21:55:19.636Z", "order": 35}}, {"model": "baseapp.questionpair", "pk": 36, "fields": {"business": 1, "attribute1": 5, "attribute2": 7, "statement_a": "I adapt my approach to meet the specific needs of each customer.", "statement_b": "I embrace new challenges and quickly learn to improve my skills.", "active": true, "created_at": "2025-01-07T21:55:19.738Z", "order": 36}}, {"model": "baseapp.questionpair", "pk": 37, "fields": {"business": 1, "attribute1": 5, "attribute2": 8, "statement_a": "I handle customer concerns with patience and professionalism.", "statement_b": "I focus on finding fair resolutions to workplace conflicts.", "active": true, "created_at": "2025-01-07T21:55:19.839Z", "order": 37}}, {"model": "baseapp.questionpair", "pk": 38, "fields": {"business": 1, "attribute1": 5, "attribute2": 9, "statement_a": "I think about how my actions influence customer satisfaction.", "statement_b": "I evaluate my behavior to improve my professional relationships.", "active": true, "created_at": "2025-01-07T21:55:19.931Z", "order": 38}}, {"model": "baseapp.questionpair", "pk": 39, "fields": {"business": 1, "attribute1": 5, "attribute2": 10, "statement_a": "I remain professional with customers, even in difficult situations.", "statement_b": "I keep my emotions under control during stressful interactions.", "active": true, "created_at": "2025-01-07T21:55:20.045Z", "order": 39}}, {"model": "baseapp.questionpair", "pk": 40, "fields": {"business": 1, "attribute1": 5, "attribute2": 11, "statement_a": "I prioritize ensuring customer needs are met above personal goals.", "statement_b": "I am motivated to advance in my career and achieve recognition.", "active": true, "created_at": "2025-01-07T21:55:20.147Z", "order": 40}}, {"model": "baseapp.questionpair", "pk": 41, "fields": {"business": 1, "attribute1": 6, "attribute2": 7, "statement_a": "I focus on setting and achieving measurable objectives.", "statement_b": "I adapt quickly to new tasks and learn from every experience.", "active": true, "created_at": "2025-01-07T21:55:20.238Z", "order": 41}}, {"model": "baseapp.questionpair", "pk": 42, "fields": {"business": 1, "attribute1": 6, "attribute2": 8, "statement_a": "I stay focused on my goals while addressing workplace challenges.", "statement_b": "I work to resolve disagreements in a constructive manner.", "active": true, "created_at": "2025-01-07T21:55:20.328Z", "order": 42}}, {"model": "baseapp.questionpair", "pk": 43, "fields": {"business": 1, "attribute1": 6, "attribute2": 9, "statement_a": "I prioritize accomplishing my personal and professional goals.", "statement_b": "I reflect on how my actions align with my values and goals.", "active": true, "created_at": "2025-01-07T21:55:20.419Z", "order": 43}}, {"model": "baseapp.questionpair", "pk": 44, "fields": {"business": 1, "attribute1": 6, "attribute2": 10, "statement_a": "I remain determined to achieve my goals, even under pressure.", "statement_b": "I stay calm and level-headed when dealing with unexpected stress.", "active": true, "created_at": "2025-01-07T21:55:20.522Z", "order": 44}}, {"model": "baseapp.questionpair", "pk": 45, "fields": {"business": 1, "attribute1": 6, "attribute2": 11, "statement_a": "I work hard to achieve specific goals I set for myself.", "statement_b": "I aim to advance my career and achieve personal recognition.", "active": true, "created_at": "2025-01-07T21:55:20.634Z", "order": 45}}, {"model": "baseapp.questionpair", "pk": 46, "fields": {"business": 1, "attribute1": 7, "attribute2": 8, "statement_a": "I adapt quickly to new challenges and approaches.", "statement_b": "I work to mediate and resolve disagreements effectively.", "active": true, "created_at": "2025-01-07T21:55:20.737Z", "order": 46}}, {"model": "baseapp.questionpair", "pk": 47, "fields": {"business": 1, "attribute1": 7, "attribute2": 9, "statement_a": "I embrace new opportunities to learn and grow.", "statement_b": "I regularly assess how my actions impact those around me.", "active": true, "created_at": "2025-01-07T21:55:20.851Z", "order": 47}}, {"model": "baseapp.questionpair", "pk": 48, "fields": {"business": 1, "attribute1": 7, "attribute2": 10, "statement_a": "I handle change with a positive and adaptable mindset.", "statement_b": "I stay calm and resilient when faced with unexpected challenges.", "active": true, "created_at": "2025-01-07T21:55:20.953Z", "order": 48}}, {"model": "baseapp.questionpair", "pk": 49, "fields": {"business": 1, "attribute1": 7, "attribute2": 11, "statement_a": "I focus on learning and growing from every experience.", "statement_b": "I am driven to achieve success and advance my career.", "active": true, "created_at": "2025-01-07T21:55:21.067Z", "order": 49}}, {"model": "baseapp.questionpair", "pk": 50, "fields": {"business": 1, "attribute1": 8, "attribute2": 9, "statement_a": "I strive to resolve conflicts fairly and constructively.", "statement_b": "I reflect on how my actions contribute to disagreements.", "active": true, "created_at": "2025-01-07T21:55:21.168Z", "order": 50}}, {"model": "baseapp.questionpair", "pk": 51, "fields": {"business": 1, "attribute1": 8, "attribute2": 10, "statement_a": "I address conflicts calmly and rationally.", "statement_b": "I maintain emotional control during difficult conversations.", "active": true, "created_at": "2025-01-07T21:55:21.259Z", "order": 51}}, {"model": "baseapp.questionpair", "pk": 52, "fields": {"business": 1, "attribute1": 8, "attribute2": 11, "statement_a": "I focus on resolving workplace disagreements constructively.", "statement_b": "I strive to achieve my goals and advance my career.", "active": true, "created_at": "2025-01-07T21:55:21.375Z", "order": 52}}, {"model": "baseapp.questionpair", "pk": 53, "fields": {"business": 1, "attribute1": 9, "attribute2": 10, "statement_a": "I reflect on how my emotions affect my decisions and actions.", "statement_b": "I maintain emotional composure, even under pressure.", "active": true, "created_at": "2025-01-07T21:55:21.486Z", "order": 53}}, {"model": "baseapp.questionpair", "pk": 54, "fields": {"business": 1, "attribute1": 9, "attribute2": 11, "statement_a": "I focus on understanding how my strengths contribute to my success.", "statement_b": "I aim to achieve recognition and advancement in my career.", "active": true, "created_at": "2025-01-07T21:55:21.588Z", "order": 54}}, {"model": "baseapp.questionpair", "pk": 55, "fields": {"business": 1, "attribute1": 10, "attribute2": 11, "statement_a": "I remain calm and balanced, even when challenges arise.", "statement_b": "I am driven to succeed and achieve my career goals.", "active": true, "created_at": "2025-01-07T21:55:21.690Z", "order": 55}}, {"model": "baseapp.questionpair", "pk": 166, "fields": {"business": 8, "attribute1": 34, "attribute2": 35, "statement_a": "I always fulfill my commitments honestly and ethically.", "statement_b": "I take proactive steps to ensure a safe work environment.", "active": true, "created_at": "2025-01-14T23:02:11.474Z", "order": 1}}, {"model": "baseapp.questionpair", "pk": 167, "fields": {"business": 8, "attribute1": 34, "attribute2": 36, "statement_a": "I take responsibility for my actions, even in difficult situations.", "statement_b": "I consistently put in the effort needed to get the job done.", "active": true, "created_at": "2025-01-14T23:02:11.667Z", "order": 2}}, {"model": "baseapp.questionpair", "pk": 168, "fields": {"business": 8, "attribute1": 34, "attribute2": 37, "statement_a": "I prioritize honesty and accountability in all interactions.", "statement_b": "I focus on creating a collaborative and supportive team dynamic.", "active": true, "created_at": "2025-01-14T23:02:11.849Z", "order": 3}}, {"model": "baseapp.questionpair", "pk": 169, "fields": {"business": 8, "attribute1": 34, "attribute2": 38, "statement_a": "I adhere to my ethical principles in all customer interactions.", "statement_b": "I strive to go above and beyond to ensure customer satisfaction.", "active": true, "created_at": "2025-01-14T23:02:12.044Z", "order": 4}}, {"model": "baseapp.questionpair", "pk": 170, "fields": {"business": 8, "attribute1": 34, "attribute2": 39, "statement_a": "I maintain my integrity while working toward my goals.", "statement_b": "I set ambitious targets and work diligently to achieve them.", "active": true, "created_at": "2025-01-14T23:02:12.238Z", "order": 5}}, {"model": "baseapp.questionpair", "pk": 171, "fields": {"business": 8, "attribute1": 34, "attribute2": 40, "statement_a": "I hold myself accountable for improving my skills and knowledge.", "statement_b": "I adapt quickly to new challenges and learning opportunities.", "active": true, "created_at": "2025-01-14T23:02:12.463Z", "order": 6}}, {"model": "baseapp.questionpair", "pk": 172, "fields": {"business": 8, "attribute1": 34, "attribute2": 41, "statement_a": "I address conflicts with honesty and fairness.", "statement_b": "I focus on resolving disagreements in a constructive way.", "active": true, "created_at": "2025-01-14T23:02:12.644Z", "order": 7}}, {"model": "baseapp.questionpair", "pk": 173, "fields": {"business": 8, "attribute1": 34, "attribute2": 42, "statement_a": "I take ownership of my decisions and their consequences.", "statement_b": "I reflect on how my actions and behavior impact others.", "active": true, "created_at": "2025-01-14T23:02:12.850Z", "order": 8}}, {"model": "baseapp.questionpair", "pk": 174, "fields": {"business": 8, "attribute1": 34, "attribute2": 43, "statement_a": "I remain consistent in my values, even under pressure.", "statement_b": "I stay calm and composed during stressful situations.", "active": true, "created_at": "2025-01-14T23:02:13.032Z", "order": 9}}, {"model": "baseapp.questionpair", "pk": 175, "fields": {"business": 8, "attribute1": 34, "attribute2": 44, "statement_a": "I prioritize acting ethically, even if it slows my progress.", "statement_b": "I am driven to achieve success and recognition in my career.", "active": true, "created_at": "2025-01-14T23:02:13.236Z", "order": 10}}, {"model": "baseapp.questionpair", "pk": 176, "fields": {"business": 8, "attribute1": 35, "attribute2": 36, "statement_a": "I am vigilant about identifying and addressing safety risks.", "statement_b": "I am dedicated to delivering high-quality results consistently.", "active": true, "created_at": "2025-01-14T23:02:13.328Z", "order": 11}}, {"model": "baseapp.questionpair", "pk": 177, "fields": {"business": 8, "attribute1": 35, "attribute2": 37, "statement_a": "I promote safety to protect everyone on the team.", "statement_b": "I contribute to a positive and cooperative team environment.", "active": true, "created_at": "2025-01-14T23:02:13.431Z", "order": 12}}, {"model": "baseapp.questionpair", "pk": 178, "fields": {"business": 8, "attribute1": 35, "attribute2": 38, "statement_a": "I ensure safety standards are followed to benefit all stakeholders.", "statement_b": "I prioritize creating a great experience for customers.", "active": true, "created_at": "2025-01-14T23:02:13.533Z", "order": 13}}, {"model": "baseapp.questionpair", "pk": 179, "fields": {"business": 8, "attribute1": 35, "attribute2": 39, "statement_a": "I prioritize safety over reaching goals too quickly.", "statement_b": "I am focused on setting and achieving ambitious goals.", "active": true, "created_at": "2025-01-14T23:02:13.668Z", "order": 14}}, {"model": "baseapp.questionpair", "pk": 180, "fields": {"business": 8, "attribute1": 35, "attribute2": 40, "statement_a": "I ensure safety protocols are adhered to in new situations.", "statement_b": "I adapt quickly to changes and learn from new experiences.", "active": true, "created_at": "2025-01-14T23:02:13.759Z", "order": 15}}, {"model": "baseapp.questionpair", "pk": 181, "fields": {"business": 8, "attribute1": 35, "attribute2": 41, "statement_a": "I address safety concerns in any conflicts that arise.", "statement_b": "I work to find fair and equitable solutions to workplace disputes.", "active": true, "created_at": "2025-01-14T23:02:13.850Z", "order": 16}}, {"model": "baseapp.questionpair", "pk": 182, "fields": {"business": 8, "attribute1": 35, "attribute2": 42, "statement_a": "I am mindful of how my actions impact workplace safety.", "statement_b": "I reflect on my own behavior to improve my performance.", "active": true, "created_at": "2025-01-14T23:02:13.952Z", "order": 17}}, {"model": "baseapp.questionpair", "pk": 183, "fields": {"business": 8, "attribute1": 35, "attribute2": 43, "statement_a": "I maintain a strong focus on safety, even under stress.", "statement_b": "I stay calm and composed when handling stressful situations.", "active": true, "created_at": "2025-01-14T23:02:14.065Z", "order": 18}}, {"model": "baseapp.questionpair", "pk": 184, "fields": {"business": 8, "attribute1": 35, "attribute2": 44, "statement_a": "I prioritize safety over personal or career advancement.", "statement_b": "I am motivated to achieve ambitious goals in my career.", "active": true, "created_at": "2025-01-14T23:02:14.168Z", "order": 19}}, {"model": "baseapp.questionpair", "pk": 185, "fields": {"business": 8, "attribute1": 36, "attribute2": 37, "statement_a": "I consistently strive to deliver my best work.", "statement_b": "I enjoy collaborating with others to achieve shared goals.", "active": true, "created_at": "2025-01-14T23:02:14.259Z", "order": 20}}, {"model": "baseapp.questionpair", "pk": 186, "fields": {"business": 8, "attribute1": 36, "attribute2": 38, "statement_a": "I am willing to go the extra mile to complete tasks effectively.", "statement_b": "I focus on ensuring customers are satisfied with their experience.", "active": true, "created_at": "2025-01-14T23:02:14.362Z", "order": 21}}, {"model": "baseapp.questionpair", "pk": 187, "fields": {"business": 8, "attribute1": 36, "attribute2": 39, "statement_a": "I put consistent effort into everything I do, regardless of difficulty.", "statement_b": "I am motivated by achieving specific and measurable goals.", "active": true, "created_at": "2025-01-14T23:02:14.474Z", "order": 22}}, {"model": "baseapp.questionpair", "pk": 188, "fields": {"business": 8, "attribute1": 36, "attribute2": 40, "statement_a": "I maintain a strong work ethic, even when tasks are unfamiliar.", "statement_b": "I quickly adapt to new challenges and approaches to improve results.", "active": true, "created_at": "2025-01-14T23:02:14.577Z", "order": 23}}, {"model": "baseapp.questionpair", "pk": 189, "fields": {"business": 8, "attribute1": 36, "attribute2": 41, "statement_a": "I focus on maintaining productivity, even during workplace disputes.", "statement_b": "I work to resolve disagreements constructively and fairly.", "active": true, "created_at": "2025-01-14T23:02:14.678Z", "order": 24}}, {"model": "baseapp.questionpair", "pk": 190, "fields": {"business": 8, "attribute1": 36, "attribute2": 42, "statement_a": "I pride myself on delivering consistent, high-quality work.", "statement_b": "I reflect on my behavior to understand its impact on my performance.", "active": true, "created_at": "2025-01-14T23:02:14.802Z", "order": 25}}, {"model": "baseapp.questionpair", "pk": 191, "fields": {"business": 8, "attribute1": 36, "attribute2": 43, "statement_a": "I stay focused on my tasks, even when under pressure.", "statement_b": "I maintain emotional balance during challenging situations.", "active": true, "created_at": "2025-01-14T23:02:14.894Z", "order": 26}}, {"model": "baseapp.questionpair", "pk": 192, "fields": {"business": 8, "attribute1": 36, "attribute2": 44, "statement_a": "I work hard to ensure the quality of my output is always high.", "statement_b": "I aim for career advancement and strive to exceed expectations.", "active": true, "created_at": "2025-01-14T23:02:14.996Z", "order": 27}}, {"model": "baseapp.questionpair", "pk": 193, "fields": {"business": 8, "attribute1": 37, "attribute2": 38, "statement_a": "I collaborate effectively to ensure team success.", "statement_b": "I focus on creating positive experiences for customers.", "active": true, "created_at": "2025-01-14T23:02:15.098Z", "order": 28}}, {"model": "baseapp.questionpair", "pk": 194, "fields": {"business": 8, "attribute1": 37, "attribute2": 39, "statement_a": "I prioritize building strong team dynamics to achieve goals.", "statement_b": "I am driven to accomplish my individual objectives.", "active": true, "created_at": "2025-01-14T23:02:15.201Z", "order": 29}}, {"model": "baseapp.questionpair", "pk": 195, "fields": {"business": 8, "attribute1": 37, "attribute2": 40, "statement_a": "I enjoy working with others to solve problems collectively.", "statement_b": "I adapt quickly to new environments and processes.", "active": true, "created_at": "2025-01-14T23:02:15.292Z", "order": 30}}, {"model": "baseapp.questionpair", "pk": 196, "fields": {"business": 8, "attribute1": 37, "attribute2": 41, "statement_a": "I foster collaboration to maintain harmony in the workplace.", "statement_b": "I address conflicts directly to find equitable solutions.", "active": true, "created_at": "2025-01-14T23:02:15.394Z", "order": 31}}, {"model": "baseapp.questionpair", "pk": 197, "fields": {"business": 8, "attribute1": 37, "attribute2": 42, "statement_a": "I focus on ensuring my contributions benefit the team.", "statement_b": "I reflect on how my actions influence the group dynamic.", "active": true, "created_at": "2025-01-14T23:02:15.507Z", "order": 32}}, {"model": "baseapp.questionpair", "pk": 198, "fields": {"business": 8, "attribute1": 37, "attribute2": 43, "statement_a": "I stay focused on team goals, even under stressful circumstances.", "statement_b": "I remain calm and composed when dealing with challenges.", "active": true, "created_at": "2025-01-14T23:02:15.609Z", "order": 33}}, {"model": "baseapp.questionpair", "pk": 199, "fields": {"business": 8, "attribute1": 37, "attribute2": 44, "statement_a": "I prioritize team success over individual recognition.", "statement_b": "I am driven to excel and achieve personal career milestones.", "active": true, "created_at": "2025-01-14T23:02:15.700Z", "order": 34}}, {"model": "baseapp.questionpair", "pk": 200, "fields": {"business": 8, "attribute1": 38, "attribute2": 39, "statement_a": "I prioritize customer satisfaction above all else.", "statement_b": "I set clear goals and work tirelessly to achieve them.", "active": true, "created_at": "2025-01-14T23:02:15.814Z", "order": 35}}, {"model": "baseapp.questionpair", "pk": 201, "fields": {"business": 8, "attribute1": 38, "attribute2": 40, "statement_a": "I adapt my approach to meet the specific needs of each customer.", "statement_b": "I embrace new challenges and quickly learn to improve my skills.", "active": true, "created_at": "2025-01-14T23:02:15.894Z", "order": 36}}, {"model": "baseapp.questionpair", "pk": 202, "fields": {"business": 8, "attribute1": 38, "attribute2": 41, "statement_a": "I handle customer concerns with patience and professionalism.", "statement_b": "I focus on finding fair resolutions to workplace conflicts.", "active": true, "created_at": "2025-01-14T23:02:15.985Z", "order": 37}}, {"model": "baseapp.questionpair", "pk": 203, "fields": {"business": 8, "attribute1": 38, "attribute2": 42, "statement_a": "I think about how my actions influence customer satisfaction.", "statement_b": "I evaluate my behavior to improve my professional relationships.", "active": true, "created_at": "2025-01-14T23:02:16.076Z", "order": 38}}, {"model": "baseapp.questionpair", "pk": 204, "fields": {"business": 8, "attribute1": 38, "attribute2": 43, "statement_a": "I remain professional with customers, even in difficult situations.", "statement_b": "I keep my emotions under control during stressful interactions.", "active": true, "created_at": "2025-01-14T23:02:16.189Z", "order": 39}}, {"model": "baseapp.questionpair", "pk": 205, "fields": {"business": 8, "attribute1": 38, "attribute2": 44, "statement_a": "I prioritize ensuring customer needs are met above personal goals.", "statement_b": "I am motivated to advance in my career and achieve recognition.", "active": true, "created_at": "2025-01-14T23:02:16.281Z", "order": 40}}, {"model": "baseapp.questionpair", "pk": 206, "fields": {"business": 8, "attribute1": 39, "attribute2": 40, "statement_a": "I focus on setting and achieving measurable objectives.", "statement_b": "I adapt quickly to new tasks and learn from every experience.", "active": true, "created_at": "2025-01-14T23:02:16.371Z", "order": 41}}, {"model": "baseapp.questionpair", "pk": 207, "fields": {"business": 8, "attribute1": 39, "attribute2": 41, "statement_a": "I stay focused on my goals while addressing workplace challenges.", "statement_b": "I work to resolve disagreements in a constructive manner.", "active": true, "created_at": "2025-01-14T23:02:16.474Z", "order": 42}}, {"model": "baseapp.questionpair", "pk": 208, "fields": {"business": 8, "attribute1": 39, "attribute2": 42, "statement_a": "I prioritize accomplishing my personal and professional goals.", "statement_b": "I reflect on how my actions align with my values and goals.", "active": true, "created_at": "2025-01-14T23:02:16.576Z", "order": 43}}, {"model": "baseapp.questionpair", "pk": 209, "fields": {"business": 8, "attribute1": 39, "attribute2": 43, "statement_a": "I remain determined to achieve my goals, even under pressure.", "statement_b": "I stay calm and level-headed when dealing with unexpected stress.", "active": true, "created_at": "2025-01-14T23:02:16.667Z", "order": 44}}, {"model": "baseapp.questionpair", "pk": 210, "fields": {"business": 8, "attribute1": 39, "attribute2": 44, "statement_a": "I work hard to achieve specific goals I set for myself.", "statement_b": "I aim to advance my career and achieve personal recognition.", "active": true, "created_at": "2025-01-14T23:02:16.769Z", "order": 45}}, {"model": "baseapp.questionpair", "pk": 211, "fields": {"business": 8, "attribute1": 40, "attribute2": 41, "statement_a": "I adapt quickly to new challenges and approaches.", "statement_b": "I work to mediate and resolve disagreements effectively.", "active": true, "created_at": "2025-01-14T23:02:16.871Z", "order": 46}}, {"model": "baseapp.questionpair", "pk": 212, "fields": {"business": 8, "attribute1": 40, "attribute2": 42, "statement_a": "I embrace new opportunities to learn and grow.", "statement_b": "I regularly assess how my actions impact those around me.", "active": true, "created_at": "2025-01-14T23:02:16.963Z", "order": 47}}, {"model": "baseapp.questionpair", "pk": 213, "fields": {"business": 8, "attribute1": 40, "attribute2": 43, "statement_a": "I handle change with a positive and adaptable mindset.", "statement_b": "I stay calm and resilient when faced with unexpected challenges.", "active": true, "created_at": "2025-01-14T23:02:17.065Z", "order": 48}}, {"model": "baseapp.questionpair", "pk": 214, "fields": {"business": 8, "attribute1": 40, "attribute2": 44, "statement_a": "I focus on learning and growing from every experience.", "statement_b": "I am driven to achieve success and advance my career.", "active": true, "created_at": "2025-01-14T23:02:17.157Z", "order": 49}}, {"model": "baseapp.questionpair", "pk": 215, "fields": {"business": 8, "attribute1": 41, "attribute2": 42, "statement_a": "I strive to resolve conflicts fairly and constructively.", "statement_b": "I reflect on how my actions contribute to disagreements.", "active": true, "created_at": "2025-01-14T23:02:17.258Z", "order": 50}}, {"model": "baseapp.questionpair", "pk": 216, "fields": {"business": 8, "attribute1": 41, "attribute2": 43, "statement_a": "I address conflicts calmly and rationally.", "statement_b": "I maintain emotional control during difficult conversations.", "active": true, "created_at": "2025-01-14T23:02:17.383Z", "order": 51}}, {"model": "baseapp.questionpair", "pk": 217, "fields": {"business": 8, "attribute1": 41, "attribute2": 44, "statement_a": "I focus on resolving workplace disagreements constructively.", "statement_b": "I strive to achieve my goals and advance my career.", "active": true, "created_at": "2025-01-14T23:02:17.484Z", "order": 52}}, {"model": "baseapp.questionpair", "pk": 218, "fields": {"business": 8, "attribute1": 42, "attribute2": 43, "statement_a": "I reflect on how my emotions affect my decisions and actions.", "statement_b": "I maintain emotional composure, even under pressure.", "active": true, "created_at": "2025-01-14T23:02:17.586Z", "order": 53}}, {"model": "baseapp.questionpair", "pk": 219, "fields": {"business": 8, "attribute1": 42, "attribute2": 44, "statement_a": "I focus on understanding how my strengths contribute to my success.", "statement_b": "I aim to achieve recognition and advancement in my career.", "active": true, "created_at": "2025-01-14T23:02:17.689Z", "order": 54}}, {"model": "baseapp.questionpair", "pk": 220, "fields": {"business": 8, "attribute1": 43, "attribute2": 44, "statement_a": "I remain calm and balanced, even when challenges arise.", "statement_b": "I am driven to succeed and achieve my career goals.", "active": true, "created_at": "2025-01-14T23:02:17.780Z", "order": 55}}, {"model": "baseapp.assessment", "pk": 1, "fields": {"business": 1, "assessment_type": "standard", "candidate_name": "makiya", "candidate_email": "lostscythe1@gmail.com", "position": "programmer", "region": "Starkville", "manager_name": "Brad Jone", "manager_email": "info@makcrodroneworks.com", "unique_link": "wyAi6Tf3GmSXOe6dqkOBV0l3BS5iLfgh9nGj0edWhlvE0FjKoYM0AgFv6pjwggUD", "created_by": 2, "created_at": "2025-01-07T23:18:30.454Z", "completed": true, "completed_at": "2025-01-07T23:22:39.949Z", "benchmark_batch": null}}, {"model": "baseapp.assessment", "pk": 2, "fields": {"business": 1, "assessment_type": "standard", "candidate_name": "Jimmy Crochiere", "candidate_email": "crochieremakiya@gmail.com", "position": "programmer", "region": "Starkville", "manager_name": "Brad Jone", "manager_email": "crochieremakiya@gmail.com", "unique_link": "lQrUAlLfdpx1pcIPy5trJ24vnNW2XUdUoZn2fK4pvzJiU7dJ0iY8pg5QOvd1PcdI", "created_by": 2, "created_at": "2025-01-08T17:56:09.275Z", "completed": true, "completed_at": "2025-01-14T21:05:41.393Z", "benchmark_batch": null}}, {"model": "baseapp.assessment", "pk": 3, "fields": {"business": 1, "assessment_type": "benchmark", "candidate_name": "crochieremakiya", "candidate_email": "crochieremakiya@gmail.com", "position": "Benchmark Assessment", "region": "south", "manager_name": "lostscythe", "manager_email": "", "unique_link": "LATPt7rq0EeK4LRAILcIWSvw4jLFRLaPXK1NlWjkVK0kpNvbSDY1COVZs8tGqZ0J", "created_by": 1, "created_at": "2025-01-14T20:33:46.197Z", "completed": true, "completed_at": "2025-01-14T20:35:07.616Z", "benchmark_batch": null}}, {"model": "baseapp.assessment", "pk": 4, "fields": {"business": 1, "assessment_type": "benchmark", "candidate_name": "lostscythe1", "candidate_email": "lostscythe1@gmail.com", "position": "Benchmark Assessment", "region": "north", "manager_name": "lostscythe", "manager_email": "", "unique_link": "LS7Ao2hsQCsJuYT9mUed5pzi1RzriTduyz4KTabnxL9BtOFTbDkamCqlgqph7Tsa", "created_by": 1, "created_at": "2025-01-14T20:56:58.535Z", "completed": true, "completed_at": "2025-01-14T20:58:18.760Z", "benchmark_batch": null}}, {"model": "baseapp.assessment", "pk": 5, "fields": {"business": 1, "assessment_type": "standard", "candidate_name": "testadmin", "candidate_email": "test@123.com", "position": "test", "region": "south", "manager_name": "Makiya Crochiere", "manager_email": "lostscythe1@gmail.com", "unique_link": "e3tmhukUMSRvZLb9COJoOkE7sD3XsaDTFVc8wml9EJ8KATDDcFW09Ppj6FORocii", "created_by": 1, "created_at": "2025-01-14T21:37:34.910Z", "completed": false, "completed_at": null, "benchmark_batch": null}}, {"model": "baseapp.assessmentresponse", "pk": 1, "fields": {"assessment": 1, "submitted_at": "2025-01-07T23:22:23.183Z"}}, {"model": "baseapp.assessmentresponse", "pk": 2, "fields": {"assessment": 3, "submitted_at": "2025-01-14T20:35:01.695Z"}}, {"model": "baseapp.assessmentresponse", "pk": 3, "fields": {"assessment": 4, "submitted_at": "2025-01-14T20:58:12.603Z"}}, {"model": "baseapp.assessmentresponse", "pk": 4, "fields": {"assessment": 2, "submitted_at": "2025-01-14T21:05:35.383Z"}}, {"model": "baseapp.questionresponse", "pk": 1, "fields": {"assessment_response": 1, "question_pair": 1, "chose_a": true, "response_time": "2025-01-07T23:22:23.295Z"}}, {"model": "baseapp.questionresponse", "pk": 2, "fields": {"assessment_response": 1, "question_pair": 2, "chose_a": false, "response_time": "2025-01-07T23:22:23.408Z"}}, {"model": "baseapp.questionresponse", "pk": 3, "fields": {"assessment_response": 1, "question_pair": 3, "chose_a": true, "response_time": "2025-01-07T23:22:23.521Z"}}, {"model": "baseapp.questionresponse", "pk": 4, "fields": {"assessment_response": 1, "question_pair": 4, "chose_a": true, "response_time": "2025-01-07T23:22:23.624Z"}}, {"model": "baseapp.questionresponse", "pk": 5, "fields": {"assessment_response": 1, "question_pair": 5, "chose_a": false, "response_time": "2025-01-07T23:22:23.715Z"}}, {"model": "baseapp.questionresponse", "pk": 6, "fields": {"assessment_response": 1, "question_pair": 6, "chose_a": false, "response_time": "2025-01-07T23:22:23.855Z"}}, {"model": "baseapp.questionresponse", "pk": 7, "fields": {"assessment_response": 1, "question_pair": 7, "chose_a": true, "response_time": "2025-01-07T23:22:23.935Z"}}, {"model": "baseapp.questionresponse", "pk": 8, "fields": {"assessment_response": 1, "question_pair": 8, "chose_a": false, "response_time": "2025-01-07T23:22:24.027Z"}}, {"model": "baseapp.questionresponse", "pk": 9, "fields": {"assessment_response": 1, "question_pair": 9, "chose_a": true, "response_time": "2025-01-07T23:22:24.118Z"}}, {"model": "baseapp.questionresponse", "pk": 10, "fields": {"assessment_response": 1, "question_pair": 10, "chose_a": true, "response_time": "2025-01-07T23:22:24.221Z"}}, {"model": "baseapp.questionresponse", "pk": 11, "fields": {"assessment_response": 1, "question_pair": 11, "chose_a": true, "response_time": "2025-01-07T23:22:24.312Z"}}, {"model": "baseapp.questionresponse", "pk": 12, "fields": {"assessment_response": 1, "question_pair": 12, "chose_a": false, "response_time": "2025-01-07T23:22:24.425Z"}}, {"model": "baseapp.questionresponse", "pk": 13, "fields": {"assessment_response": 1, "question_pair": 13, "chose_a": true, "response_time": "2025-01-07T23:22:24.527Z"}}, {"model": "baseapp.questionresponse", "pk": 14, "fields": {"assessment_response": 1, "question_pair": 14, "chose_a": true, "response_time": "2025-01-07T23:22:24.631Z"}}, {"model": "baseapp.questionresponse", "pk": 15, "fields": {"assessment_response": 1, "question_pair": 15, "chose_a": true, "response_time": "2025-01-07T23:22:24.733Z"}}, {"model": "baseapp.questionresponse", "pk": 16, "fields": {"assessment_response": 1, "question_pair": 16, "chose_a": false, "response_time": "2025-01-07T23:22:24.823Z"}}, {"model": "baseapp.questionresponse", "pk": 17, "fields": {"assessment_response": 1, "question_pair": 17, "chose_a": false, "response_time": "2025-01-07T23:22:24.937Z"}}, {"model": "baseapp.questionresponse", "pk": 18, "fields": {"assessment_response": 1, "question_pair": 18, "chose_a": false, "response_time": "2025-01-07T23:22:25.030Z"}}, {"model": "baseapp.questionresponse", "pk": 19, "fields": {"assessment_response": 1, "question_pair": 19, "chose_a": false, "response_time": "2025-01-07T23:22:25.121Z"}}, {"model": "baseapp.questionresponse", "pk": 20, "fields": {"assessment_response": 1, "question_pair": 20, "chose_a": true, "response_time": "2025-01-07T23:22:25.212Z"}}, {"model": "baseapp.questionresponse", "pk": 21, "fields": {"assessment_response": 1, "question_pair": 21, "chose_a": true, "response_time": "2025-01-07T23:22:25.314Z"}}, {"model": "baseapp.questionresponse", "pk": 22, "fields": {"assessment_response": 1, "question_pair": 22, "chose_a": true, "response_time": "2025-01-07T23:22:25.405Z"}}, {"model": "baseapp.questionresponse", "pk": 23, "fields": {"assessment_response": 1, "question_pair": 23, "chose_a": true, "response_time": "2025-01-07T23:22:25.508Z"}}, {"model": "baseapp.questionresponse", "pk": 24, "fields": {"assessment_response": 1, "question_pair": 24, "chose_a": false, "response_time": "2025-01-07T23:22:25.599Z"}}, {"model": "baseapp.questionresponse", "pk": 25, "fields": {"assessment_response": 1, "question_pair": 25, "chose_a": true, "response_time": "2025-01-07T23:22:25.702Z"}}, {"model": "baseapp.questionresponse", "pk": 26, "fields": {"assessment_response": 1, "question_pair": 26, "chose_a": true, "response_time": "2025-01-07T23:22:25.782Z"}}, {"model": "baseapp.questionresponse", "pk": 27, "fields": {"assessment_response": 1, "question_pair": 27, "chose_a": true, "response_time": "2025-01-07T23:22:25.873Z"}}, {"model": "baseapp.questionresponse", "pk": 28, "fields": {"assessment_response": 1, "question_pair": 28, "chose_a": true, "response_time": "2025-01-07T23:22:25.986Z"}}, {"model": "baseapp.questionresponse", "pk": 29, "fields": {"assessment_response": 1, "question_pair": 29, "chose_a": true, "response_time": "2025-01-07T23:22:26.090Z"}}, {"model": "baseapp.questionresponse", "pk": 30, "fields": {"assessment_response": 1, "question_pair": 30, "chose_a": true, "response_time": "2025-01-07T23:22:26.181Z"}}, {"model": "baseapp.questionresponse", "pk": 31, "fields": {"assessment_response": 1, "question_pair": 31, "chose_a": true, "response_time": "2025-01-07T23:22:26.692Z"}}, {"model": "baseapp.questionresponse", "pk": 32, "fields": {"assessment_response": 1, "question_pair": 32, "chose_a": true, "response_time": "2025-01-07T23:22:27.978Z"}}, {"model": "baseapp.questionresponse", "pk": 33, "fields": {"assessment_response": 1, "question_pair": 33, "chose_a": true, "response_time": "2025-01-07T23:22:29.262Z"}}, {"model": "baseapp.questionresponse", "pk": 34, "fields": {"assessment_response": 1, "question_pair": 34, "chose_a": true, "response_time": "2025-01-07T23:22:30.554Z"}}, {"model": "baseapp.questionresponse", "pk": 35, "fields": {"assessment_response": 1, "question_pair": 35, "chose_a": true, "response_time": "2025-01-07T23:22:31.828Z"}}, {"model": "baseapp.questionresponse", "pk": 36, "fields": {"assessment_response": 1, "question_pair": 36, "chose_a": true, "response_time": "2025-01-07T23:22:33.102Z"}}, {"model": "baseapp.questionresponse", "pk": 37, "fields": {"assessment_response": 1, "question_pair": 37, "chose_a": false, "response_time": "2025-01-07T23:22:34.387Z"}}, {"model": "baseapp.questionresponse", "pk": 38, "fields": {"assessment_response": 1, "question_pair": 38, "chose_a": true, "response_time": "2025-01-07T23:22:35.661Z"}}, {"model": "baseapp.questionresponse", "pk": 39, "fields": {"assessment_response": 1, "question_pair": 39, "chose_a": true, "response_time": "2025-01-07T23:22:36.948Z"}}, {"model": "baseapp.questionresponse", "pk": 40, "fields": {"assessment_response": 1, "question_pair": 40, "chose_a": false, "response_time": "2025-01-07T23:22:37.968Z"}}, {"model": "baseapp.questionresponse", "pk": 41, "fields": {"assessment_response": 1, "question_pair": 41, "chose_a": true, "response_time": "2025-01-07T23:22:38.070Z"}}, {"model": "baseapp.questionresponse", "pk": 42, "fields": {"assessment_response": 1, "question_pair": 42, "chose_a": false, "response_time": "2025-01-07T23:22:38.195Z"}}, {"model": "baseapp.questionresponse", "pk": 43, "fields": {"assessment_response": 1, "question_pair": 43, "chose_a": true, "response_time": "2025-01-07T23:22:38.286Z"}}, {"model": "baseapp.questionresponse", "pk": 44, "fields": {"assessment_response": 1, "question_pair": 44, "chose_a": false, "response_time": "2025-01-07T23:22:38.377Z"}}, {"model": "baseapp.questionresponse", "pk": 45, "fields": {"assessment_response": 1, "question_pair": 45, "chose_a": true, "response_time": "2025-01-07T23:22:38.469Z"}}, {"model": "baseapp.questionresponse", "pk": 46, "fields": {"assessment_response": 1, "question_pair": 46, "chose_a": false, "response_time": "2025-01-07T23:22:38.560Z"}}, {"model": "baseapp.questionresponse", "pk": 47, "fields": {"assessment_response": 1, "question_pair": 47, "chose_a": true, "response_time": "2025-01-07T23:22:38.651Z"}}, {"model": "baseapp.questionresponse", "pk": 48, "fields": {"assessment_response": 1, "question_pair": 48, "chose_a": true, "response_time": "2025-01-07T23:22:38.754Z"}}, {"model": "baseapp.questionresponse", "pk": 49, "fields": {"assessment_response": 1, "question_pair": 49, "chose_a": true, "response_time": "2025-01-07T23:22:38.845Z"}}, {"model": "baseapp.questionresponse", "pk": 50, "fields": {"assessment_response": 1, "question_pair": 50, "chose_a": true, "response_time": "2025-01-07T23:22:38.948Z"}}, {"model": "baseapp.questionresponse", "pk": 51, "fields": {"assessment_response": 1, "question_pair": 51, "chose_a": true, "response_time": "2025-01-07T23:22:39.039Z"}}, {"model": "baseapp.questionresponse", "pk": 52, "fields": {"assessment_response": 1, "question_pair": 52, "chose_a": true, "response_time": "2025-01-07T23:22:39.132Z"}}, {"model": "baseapp.questionresponse", "pk": 53, "fields": {"assessment_response": 1, "question_pair": 53, "chose_a": false, "response_time": "2025-01-07T23:22:39.222Z"}}, {"model": "baseapp.questionresponse", "pk": 54, "fields": {"assessment_response": 1, "question_pair": 54, "chose_a": true, "response_time": "2025-01-07T23:22:39.766Z"}}, {"model": "baseapp.questionresponse", "pk": 55, "fields": {"assessment_response": 1, "question_pair": 55, "chose_a": false, "response_time": "2025-01-07T23:22:39.858Z"}}, {"model": "baseapp.questionresponse", "pk": 56, "fields": {"assessment_response": 2, "question_pair": 1, "chose_a": true, "response_time": "2025-01-14T20:35:01.810Z"}}, {"model": "baseapp.questionresponse", "pk": 57, "fields": {"assessment_response": 2, "question_pair": 2, "chose_a": true, "response_time": "2025-01-14T20:35:01.901Z"}}, {"model": "baseapp.questionresponse", "pk": 58, "fields": {"assessment_response": 2, "question_pair": 3, "chose_a": true, "response_time": "2025-01-14T20:35:02.003Z"}}, {"model": "baseapp.questionresponse", "pk": 59, "fields": {"assessment_response": 2, "question_pair": 4, "chose_a": true, "response_time": "2025-01-14T20:35:02.093Z"}}, {"model": "baseapp.questionresponse", "pk": 60, "fields": {"assessment_response": 2, "question_pair": 5, "chose_a": true, "response_time": "2025-01-14T20:35:02.196Z"}}, {"model": "baseapp.questionresponse", "pk": 61, "fields": {"assessment_response": 2, "question_pair": 6, "chose_a": true, "response_time": "2025-01-14T20:35:02.287Z"}}, {"model": "baseapp.questionresponse", "pk": 62, "fields": {"assessment_response": 2, "question_pair": 7, "chose_a": true, "response_time": "2025-01-14T20:35:02.389Z"}}, {"model": "baseapp.questionresponse", "pk": 63, "fields": {"assessment_response": 2, "question_pair": 8, "chose_a": true, "response_time": "2025-01-14T20:35:02.480Z"}}, {"model": "baseapp.questionresponse", "pk": 64, "fields": {"assessment_response": 2, "question_pair": 9, "chose_a": true, "response_time": "2025-01-14T20:35:02.571Z"}}, {"model": "baseapp.questionresponse", "pk": 65, "fields": {"assessment_response": 2, "question_pair": 10, "chose_a": true, "response_time": "2025-01-14T20:35:02.674Z"}}, {"model": "baseapp.questionresponse", "pk": 66, "fields": {"assessment_response": 2, "question_pair": 11, "chose_a": true, "response_time": "2025-01-14T20:35:02.787Z"}}, {"model": "baseapp.questionresponse", "pk": 67, "fields": {"assessment_response": 2, "question_pair": 12, "chose_a": true, "response_time": "2025-01-14T20:35:02.877Z"}}, {"model": "baseapp.questionresponse", "pk": 68, "fields": {"assessment_response": 2, "question_pair": 13, "chose_a": true, "response_time": "2025-01-14T20:35:02.968Z"}}, {"model": "baseapp.questionresponse", "pk": 69, "fields": {"assessment_response": 2, "question_pair": 14, "chose_a": true, "response_time": "2025-01-14T20:35:03.071Z"}}, {"model": "baseapp.questionresponse", "pk": 70, "fields": {"assessment_response": 2, "question_pair": 15, "chose_a": true, "response_time": "2025-01-14T20:35:03.162Z"}}, {"model": "baseapp.questionresponse", "pk": 71, "fields": {"assessment_response": 2, "question_pair": 16, "chose_a": true, "response_time": "2025-01-14T20:35:03.254Z"}}, {"model": "baseapp.questionresponse", "pk": 72, "fields": {"assessment_response": 2, "question_pair": 17, "chose_a": true, "response_time": "2025-01-14T20:35:03.344Z"}}, {"model": "baseapp.questionresponse", "pk": 73, "fields": {"assessment_response": 2, "question_pair": 18, "chose_a": true, "response_time": "2025-01-14T20:35:03.457Z"}}, {"model": "baseapp.questionresponse", "pk": 74, "fields": {"assessment_response": 2, "question_pair": 19, "chose_a": true, "response_time": "2025-01-14T20:35:03.581Z"}}, {"model": "baseapp.questionresponse", "pk": 75, "fields": {"assessment_response": 2, "question_pair": 20, "chose_a": true, "response_time": "2025-01-14T20:35:03.684Z"}}, {"model": "baseapp.questionresponse", "pk": 76, "fields": {"assessment_response": 2, "question_pair": 21, "chose_a": true, "response_time": "2025-01-14T20:35:03.785Z"}}, {"model": "baseapp.questionresponse", "pk": 77, "fields": {"assessment_response": 2, "question_pair": 22, "chose_a": true, "response_time": "2025-01-14T20:35:03.878Z"}}, {"model": "baseapp.questionresponse", "pk": 78, "fields": {"assessment_response": 2, "question_pair": 23, "chose_a": true, "response_time": "2025-01-14T20:35:03.991Z"}}, {"model": "baseapp.questionresponse", "pk": 79, "fields": {"assessment_response": 2, "question_pair": 24, "chose_a": true, "response_time": "2025-01-14T20:35:04.104Z"}}, {"model": "baseapp.questionresponse", "pk": 80, "fields": {"assessment_response": 2, "question_pair": 25, "chose_a": true, "response_time": "2025-01-14T20:35:04.184Z"}}, {"model": "baseapp.questionresponse", "pk": 81, "fields": {"assessment_response": 2, "question_pair": 26, "chose_a": true, "response_time": "2025-01-14T20:35:04.275Z"}}, {"model": "baseapp.questionresponse", "pk": 82, "fields": {"assessment_response": 2, "question_pair": 27, "chose_a": true, "response_time": "2025-01-14T20:35:04.366Z"}}, {"model": "baseapp.questionresponse", "pk": 83, "fields": {"assessment_response": 2, "question_pair": 28, "chose_a": true, "response_time": "2025-01-14T20:35:04.468Z"}}, {"model": "baseapp.questionresponse", "pk": 84, "fields": {"assessment_response": 2, "question_pair": 29, "chose_a": true, "response_time": "2025-01-14T20:35:04.560Z"}}, {"model": "baseapp.questionresponse", "pk": 85, "fields": {"assessment_response": 2, "question_pair": 30, "chose_a": true, "response_time": "2025-01-14T20:35:04.662Z"}}, {"model": "baseapp.questionresponse", "pk": 86, "fields": {"assessment_response": 2, "question_pair": 31, "chose_a": true, "response_time": "2025-01-14T20:35:04.787Z"}}, {"model": "baseapp.questionresponse", "pk": 87, "fields": {"assessment_response": 2, "question_pair": 32, "chose_a": true, "response_time": "2025-01-14T20:35:04.889Z"}}, {"model": "baseapp.questionresponse", "pk": 88, "fields": {"assessment_response": 2, "question_pair": 33, "chose_a": true, "response_time": "2025-01-14T20:35:04.979Z"}}, {"model": "baseapp.questionresponse", "pk": 89, "fields": {"assessment_response": 2, "question_pair": 34, "chose_a": true, "response_time": "2025-01-14T20:35:05.070Z"}}, {"model": "baseapp.questionresponse", "pk": 90, "fields": {"assessment_response": 2, "question_pair": 35, "chose_a": true, "response_time": "2025-01-14T20:35:05.161Z"}}, {"model": "baseapp.questionresponse", "pk": 91, "fields": {"assessment_response": 2, "question_pair": 36, "chose_a": true, "response_time": "2025-01-14T20:35:05.275Z"}}, {"model": "baseapp.questionresponse", "pk": 92, "fields": {"assessment_response": 2, "question_pair": 37, "chose_a": true, "response_time": "2025-01-14T20:35:05.377Z"}}, {"model": "baseapp.questionresponse", "pk": 93, "fields": {"assessment_response": 2, "question_pair": 38, "chose_a": true, "response_time": "2025-01-14T20:35:05.479Z"}}, {"model": "baseapp.questionresponse", "pk": 94, "fields": {"assessment_response": 2, "question_pair": 39, "chose_a": true, "response_time": "2025-01-14T20:35:05.581Z"}}, {"model": "baseapp.questionresponse", "pk": 95, "fields": {"assessment_response": 2, "question_pair": 40, "chose_a": true, "response_time": "2025-01-14T20:35:05.684Z"}}, {"model": "baseapp.questionresponse", "pk": 96, "fields": {"assessment_response": 2, "question_pair": 41, "chose_a": true, "response_time": "2025-01-14T20:35:05.775Z"}}, {"model": "baseapp.questionresponse", "pk": 97, "fields": {"assessment_response": 2, "question_pair": 42, "chose_a": true, "response_time": "2025-01-14T20:35:05.866Z"}}, {"model": "baseapp.questionresponse", "pk": 98, "fields": {"assessment_response": 2, "question_pair": 43, "chose_a": true, "response_time": "2025-01-14T20:35:06.023Z"}}, {"model": "baseapp.questionresponse", "pk": 99, "fields": {"assessment_response": 2, "question_pair": 44, "chose_a": true, "response_time": "2025-01-14T20:35:06.159Z"}}, {"model": "baseapp.questionresponse", "pk": 100, "fields": {"assessment_response": 2, "question_pair": 45, "chose_a": true, "response_time": "2025-01-14T20:35:06.272Z"}}, {"model": "baseapp.questionresponse", "pk": 101, "fields": {"assessment_response": 2, "question_pair": 46, "chose_a": true, "response_time": "2025-01-14T20:35:06.386Z"}}, {"model": "baseapp.questionresponse", "pk": 102, "fields": {"assessment_response": 2, "question_pair": 47, "chose_a": true, "response_time": "2025-01-14T20:35:06.510Z"}}, {"model": "baseapp.questionresponse", "pk": 103, "fields": {"assessment_response": 2, "question_pair": 48, "chose_a": true, "response_time": "2025-01-14T20:35:06.645Z"}}, {"model": "baseapp.questionresponse", "pk": 104, "fields": {"assessment_response": 2, "question_pair": 49, "chose_a": true, "response_time": "2025-01-14T20:35:06.769Z"}}, {"model": "baseapp.questionresponse", "pk": 105, "fields": {"assessment_response": 2, "question_pair": 50, "chose_a": true, "response_time": "2025-01-14T20:35:06.893Z"}}, {"model": "baseapp.questionresponse", "pk": 106, "fields": {"assessment_response": 2, "question_pair": 51, "chose_a": true, "response_time": "2025-01-14T20:35:07.007Z"}}, {"model": "baseapp.questionresponse", "pk": 107, "fields": {"assessment_response": 2, "question_pair": 52, "chose_a": true, "response_time": "2025-01-14T20:35:07.142Z"}}, {"model": "baseapp.questionresponse", "pk": 108, "fields": {"assessment_response": 2, "question_pair": 53, "chose_a": true, "response_time": "2025-01-14T20:35:07.266Z"}}, {"model": "baseapp.questionresponse", "pk": 109, "fields": {"assessment_response": 2, "question_pair": 54, "chose_a": true, "response_time": "2025-01-14T20:35:07.380Z"}}, {"model": "baseapp.questionresponse", "pk": 110, "fields": {"assessment_response": 2, "question_pair": 55, "chose_a": true, "response_time": "2025-01-14T20:35:07.504Z"}}, {"model": "baseapp.questionresponse", "pk": 111, "fields": {"assessment_response": 3, "question_pair": 1, "chose_a": false, "response_time": "2025-01-14T20:58:12.924Z"}}, {"model": "baseapp.questionresponse", "pk": 112, "fields": {"assessment_response": 3, "question_pair": 2, "chose_a": true, "response_time": "2025-01-14T20:58:13.028Z"}}, {"model": "baseapp.questionresponse", "pk": 113, "fields": {"assessment_response": 3, "question_pair": 3, "chose_a": true, "response_time": "2025-01-14T20:58:13.130Z"}}, {"model": "baseapp.questionresponse", "pk": 114, "fields": {"assessment_response": 3, "question_pair": 4, "chose_a": true, "response_time": "2025-01-14T20:58:13.221Z"}}, {"model": "baseapp.questionresponse", "pk": 115, "fields": {"assessment_response": 3, "question_pair": 5, "chose_a": false, "response_time": "2025-01-14T20:58:13.322Z"}}, {"model": "baseapp.questionresponse", "pk": 116, "fields": {"assessment_response": 3, "question_pair": 6, "chose_a": false, "response_time": "2025-01-14T20:58:13.403Z"}}, {"model": "baseapp.questionresponse", "pk": 117, "fields": {"assessment_response": 3, "question_pair": 7, "chose_a": false, "response_time": "2025-01-14T20:58:13.516Z"}}, {"model": "baseapp.questionresponse", "pk": 118, "fields": {"assessment_response": 3, "question_pair": 8, "chose_a": true, "response_time": "2025-01-14T20:58:13.607Z"}}, {"model": "baseapp.questionresponse", "pk": 119, "fields": {"assessment_response": 3, "question_pair": 9, "chose_a": false, "response_time": "2025-01-14T20:58:13.710Z"}}, {"model": "baseapp.questionresponse", "pk": 120, "fields": {"assessment_response": 3, "question_pair": 10, "chose_a": false, "response_time": "2025-01-14T20:58:13.812Z"}}, {"model": "baseapp.questionresponse", "pk": 121, "fields": {"assessment_response": 3, "question_pair": 11, "chose_a": true, "response_time": "2025-01-14T20:58:13.903Z"}}, {"model": "baseapp.questionresponse", "pk": 122, "fields": {"assessment_response": 3, "question_pair": 12, "chose_a": true, "response_time": "2025-01-14T20:58:13.993Z"}}, {"model": "baseapp.questionresponse", "pk": 123, "fields": {"assessment_response": 3, "question_pair": 13, "chose_a": false, "response_time": "2025-01-14T20:58:14.107Z"}}, {"model": "baseapp.questionresponse", "pk": 124, "fields": {"assessment_response": 3, "question_pair": 14, "chose_a": false, "response_time": "2025-01-14T20:58:14.198Z"}}, {"model": "baseapp.questionresponse", "pk": 125, "fields": {"assessment_response": 3, "question_pair": 15, "chose_a": true, "response_time": "2025-01-14T20:58:14.289Z"}}, {"model": "baseapp.questionresponse", "pk": 126, "fields": {"assessment_response": 3, "question_pair": 16, "chose_a": false, "response_time": "2025-01-14T20:58:14.381Z"}}, {"model": "baseapp.questionresponse", "pk": 127, "fields": {"assessment_response": 3, "question_pair": 17, "chose_a": false, "response_time": "2025-01-14T20:58:14.483Z"}}, {"model": "baseapp.questionresponse", "pk": 128, "fields": {"assessment_response": 3, "question_pair": 18, "chose_a": false, "response_time": "2025-01-14T20:58:14.574Z"}}, {"model": "baseapp.questionresponse", "pk": 129, "fields": {"assessment_response": 3, "question_pair": 19, "chose_a": true, "response_time": "2025-01-14T20:58:14.676Z"}}, {"model": "baseapp.questionresponse", "pk": 130, "fields": {"assessment_response": 3, "question_pair": 20, "chose_a": false, "response_time": "2025-01-14T20:58:14.789Z"}}, {"model": "baseapp.questionresponse", "pk": 131, "fields": {"assessment_response": 3, "question_pair": 21, "chose_a": true, "response_time": "2025-01-14T20:58:14.892Z"}}, {"model": "baseapp.questionresponse", "pk": 132, "fields": {"assessment_response": 3, "question_pair": 22, "chose_a": false, "response_time": "2025-01-14T20:58:14.982Z"}}, {"model": "baseapp.questionresponse", "pk": 133, "fields": {"assessment_response": 3, "question_pair": 23, "chose_a": false, "response_time": "2025-01-14T20:58:15.074Z"}}, {"model": "baseapp.questionresponse", "pk": 134, "fields": {"assessment_response": 3, "question_pair": 24, "chose_a": true, "response_time": "2025-01-14T20:58:15.176Z"}}, {"model": "baseapp.questionresponse", "pk": 135, "fields": {"assessment_response": 3, "question_pair": 25, "chose_a": true, "response_time": "2025-01-14T20:58:15.278Z"}}, {"model": "baseapp.questionresponse", "pk": 136, "fields": {"assessment_response": 3, "question_pair": 26, "chose_a": true, "response_time": "2025-01-14T20:58:15.369Z"}}, {"model": "baseapp.questionresponse", "pk": 137, "fields": {"assessment_response": 3, "question_pair": 27, "chose_a": false, "response_time": "2025-01-14T20:58:15.482Z"}}, {"model": "baseapp.questionresponse", "pk": 138, "fields": {"assessment_response": 3, "question_pair": 28, "chose_a": false, "response_time": "2025-01-14T20:58:15.584Z"}}, {"model": "baseapp.questionresponse", "pk": 139, "fields": {"assessment_response": 3, "question_pair": 29, "chose_a": false, "response_time": "2025-01-14T20:58:15.698Z"}}, {"model": "baseapp.questionresponse", "pk": 140, "fields": {"assessment_response": 3, "question_pair": 30, "chose_a": true, "response_time": "2025-01-14T20:58:15.811Z"}}, {"model": "baseapp.questionresponse", "pk": 141, "fields": {"assessment_response": 3, "question_pair": 31, "chose_a": false, "response_time": "2025-01-14T20:58:15.903Z"}}, {"model": "baseapp.questionresponse", "pk": 142, "fields": {"assessment_response": 3, "question_pair": 32, "chose_a": true, "response_time": "2025-01-14T20:58:16.005Z"}}, {"model": "baseapp.questionresponse", "pk": 143, "fields": {"assessment_response": 3, "question_pair": 33, "chose_a": false, "response_time": "2025-01-14T20:58:16.106Z"}}, {"model": "baseapp.questionresponse", "pk": 144, "fields": {"assessment_response": 3, "question_pair": 34, "chose_a": true, "response_time": "2025-01-14T20:58:16.269Z"}}, {"model": "baseapp.questionresponse", "pk": 145, "fields": {"assessment_response": 3, "question_pair": 35, "chose_a": false, "response_time": "2025-01-14T20:58:16.360Z"}}, {"model": "baseapp.questionresponse", "pk": 146, "fields": {"assessment_response": 3, "question_pair": 36, "chose_a": false, "response_time": "2025-01-14T20:58:16.462Z"}}, {"model": "baseapp.questionresponse", "pk": 147, "fields": {"assessment_response": 3, "question_pair": 37, "chose_a": true, "response_time": "2025-01-14T20:58:16.554Z"}}, {"model": "baseapp.questionresponse", "pk": 148, "fields": {"assessment_response": 3, "question_pair": 38, "chose_a": false, "response_time": "2025-01-14T20:58:16.644Z"}}, {"model": "baseapp.questionresponse", "pk": 149, "fields": {"assessment_response": 3, "question_pair": 39, "chose_a": true, "response_time": "2025-01-14T20:58:16.746Z"}}, {"model": "baseapp.questionresponse", "pk": 150, "fields": {"assessment_response": 3, "question_pair": 40, "chose_a": false, "response_time": "2025-01-14T20:58:16.860Z"}}, {"model": "baseapp.questionresponse", "pk": 151, "fields": {"assessment_response": 3, "question_pair": 41, "chose_a": true, "response_time": "2025-01-14T20:58:16.952Z"}}, {"model": "baseapp.questionresponse", "pk": 152, "fields": {"assessment_response": 3, "question_pair": 42, "chose_a": false, "response_time": "2025-01-14T20:58:17.043Z"}}, {"model": "baseapp.questionresponse", "pk": 153, "fields": {"assessment_response": 3, "question_pair": 43, "chose_a": false, "response_time": "2025-01-14T20:58:17.166Z"}}, {"model": "baseapp.questionresponse", "pk": 154, "fields": {"assessment_response": 3, "question_pair": 44, "chose_a": false, "response_time": "2025-01-14T20:58:17.301Z"}}, {"model": "baseapp.questionresponse", "pk": 155, "fields": {"assessment_response": 3, "question_pair": 45, "chose_a": false, "response_time": "2025-01-14T20:58:17.415Z"}}, {"model": "baseapp.questionresponse", "pk": 156, "fields": {"assessment_response": 3, "question_pair": 46, "chose_a": true, "response_time": "2025-01-14T20:58:17.528Z"}}, {"model": "baseapp.questionresponse", "pk": 157, "fields": {"assessment_response": 3, "question_pair": 47, "chose_a": true, "response_time": "2025-01-14T20:58:17.652Z"}}, {"model": "baseapp.questionresponse", "pk": 158, "fields": {"assessment_response": 3, "question_pair": 48, "chose_a": false, "response_time": "2025-01-14T20:58:17.777Z"}}, {"model": "baseapp.questionresponse", "pk": 159, "fields": {"assessment_response": 3, "question_pair": 49, "chose_a": true, "response_time": "2025-01-14T20:58:17.890Z"}}, {"model": "baseapp.questionresponse", "pk": 160, "fields": {"assessment_response": 3, "question_pair": 50, "chose_a": true, "response_time": "2025-01-14T20:58:18.003Z"}}, {"model": "baseapp.questionresponse", "pk": 161, "fields": {"assessment_response": 3, "question_pair": 51, "chose_a": false, "response_time": "2025-01-14T20:58:18.127Z"}}, {"model": "baseapp.questionresponse", "pk": 162, "fields": {"assessment_response": 3, "question_pair": 52, "chose_a": false, "response_time": "2025-01-14T20:58:18.262Z"}}, {"model": "baseapp.questionresponse", "pk": 163, "fields": {"assessment_response": 3, "question_pair": 53, "chose_a": true, "response_time": "2025-01-14T20:58:18.386Z"}}, {"model": "baseapp.questionresponse", "pk": 164, "fields": {"assessment_response": 3, "question_pair": 54, "chose_a": false, "response_time": "2025-01-14T20:58:18.510Z"}}, {"model": "baseapp.questionresponse", "pk": 165, "fields": {"assessment_response": 3, "question_pair": 55, "chose_a": false, "response_time": "2025-01-14T20:58:18.635Z"}}, {"model": "baseapp.questionresponse", "pk": 166, "fields": {"assessment_response": 4, "question_pair": 1, "chose_a": false, "response_time": "2025-01-14T21:05:35.706Z"}}, {"model": "baseapp.questionresponse", "pk": 167, "fields": {"assessment_response": 4, "question_pair": 2, "chose_a": false, "response_time": "2025-01-14T21:05:35.798Z"}}, {"model": "baseapp.questionresponse", "pk": 168, "fields": {"assessment_response": 4, "question_pair": 3, "chose_a": true, "response_time": "2025-01-14T21:05:35.889Z"}}, {"model": "baseapp.questionresponse", "pk": 169, "fields": {"assessment_response": 4, "question_pair": 4, "chose_a": true, "response_time": "2025-01-14T21:05:35.991Z"}}, {"model": "baseapp.questionresponse", "pk": 170, "fields": {"assessment_response": 4, "question_pair": 5, "chose_a": true, "response_time": "2025-01-14T21:05:36.071Z"}}, {"model": "baseapp.questionresponse", "pk": 171, "fields": {"assessment_response": 4, "question_pair": 6, "chose_a": true, "response_time": "2025-01-14T21:05:36.163Z"}}, {"model": "baseapp.questionresponse", "pk": 172, "fields": {"assessment_response": 4, "question_pair": 7, "chose_a": true, "response_time": "2025-01-14T21:05:36.275Z"}}, {"model": "baseapp.questionresponse", "pk": 173, "fields": {"assessment_response": 4, "question_pair": 8, "chose_a": true, "response_time": "2025-01-14T21:05:36.377Z"}}, {"model": "baseapp.questionresponse", "pk": 174, "fields": {"assessment_response": 4, "question_pair": 9, "chose_a": true, "response_time": "2025-01-14T21:05:36.469Z"}}, {"model": "baseapp.questionresponse", "pk": 175, "fields": {"assessment_response": 4, "question_pair": 10, "chose_a": true, "response_time": "2025-01-14T21:05:36.560Z"}}, {"model": "baseapp.questionresponse", "pk": 176, "fields": {"assessment_response": 4, "question_pair": 11, "chose_a": true, "response_time": "2025-01-14T21:05:36.651Z"}}, {"model": "baseapp.questionresponse", "pk": 177, "fields": {"assessment_response": 4, "question_pair": 12, "chose_a": true, "response_time": "2025-01-14T21:05:36.755Z"}}, {"model": "baseapp.questionresponse", "pk": 178, "fields": {"assessment_response": 4, "question_pair": 13, "chose_a": true, "response_time": "2025-01-14T21:05:36.856Z"}}, {"model": "baseapp.questionresponse", "pk": 179, "fields": {"assessment_response": 4, "question_pair": 14, "chose_a": true, "response_time": "2025-01-14T21:05:36.957Z"}}, {"model": "baseapp.questionresponse", "pk": 180, "fields": {"assessment_response": 4, "question_pair": 15, "chose_a": true, "response_time": "2025-01-14T21:05:37.049Z"}}, {"model": "baseapp.questionresponse", "pk": 181, "fields": {"assessment_response": 4, "question_pair": 16, "chose_a": true, "response_time": "2025-01-14T21:05:37.152Z"}}, {"model": "baseapp.questionresponse", "pk": 182, "fields": {"assessment_response": 4, "question_pair": 17, "chose_a": true, "response_time": "2025-01-14T21:05:37.243Z"}}, {"model": "baseapp.questionresponse", "pk": 183, "fields": {"assessment_response": 4, "question_pair": 18, "chose_a": true, "response_time": "2025-01-14T21:05:37.333Z"}}, {"model": "baseapp.questionresponse", "pk": 184, "fields": {"assessment_response": 4, "question_pair": 19, "chose_a": true, "response_time": "2025-01-14T21:05:37.435Z"}}, {"model": "baseapp.questionresponse", "pk": 185, "fields": {"assessment_response": 4, "question_pair": 20, "chose_a": true, "response_time": "2025-01-14T21:05:37.537Z"}}, {"model": "baseapp.questionresponse", "pk": 186, "fields": {"assessment_response": 4, "question_pair": 21, "chose_a": true, "response_time": "2025-01-14T21:05:37.630Z"}}, {"model": "baseapp.questionresponse", "pk": 187, "fields": {"assessment_response": 4, "question_pair": 22, "chose_a": true, "response_time": "2025-01-14T21:05:37.719Z"}}, {"model": "baseapp.questionresponse", "pk": 188, "fields": {"assessment_response": 4, "question_pair": 23, "chose_a": true, "response_time": "2025-01-14T21:05:37.811Z"}}, {"model": "baseapp.questionresponse", "pk": 189, "fields": {"assessment_response": 4, "question_pair": 24, "chose_a": true, "response_time": "2025-01-14T21:05:37.902Z"}}, {"model": "baseapp.questionresponse", "pk": 190, "fields": {"assessment_response": 4, "question_pair": 25, "chose_a": false, "response_time": "2025-01-14T21:05:38.004Z"}}, {"model": "baseapp.questionresponse", "pk": 191, "fields": {"assessment_response": 4, "question_pair": 26, "chose_a": false, "response_time": "2025-01-14T21:05:38.106Z"}}, {"model": "baseapp.questionresponse", "pk": 192, "fields": {"assessment_response": 4, "question_pair": 27, "chose_a": false, "response_time": "2025-01-14T21:05:38.208Z"}}, {"model": "baseapp.questionresponse", "pk": 193, "fields": {"assessment_response": 4, "question_pair": 28, "chose_a": true, "response_time": "2025-01-14T21:05:38.299Z"}}, {"model": "baseapp.questionresponse", "pk": 194, "fields": {"assessment_response": 4, "question_pair": 29, "chose_a": true, "response_time": "2025-01-14T21:05:38.428Z"}}, {"model": "baseapp.questionresponse", "pk": 195, "fields": {"assessment_response": 4, "question_pair": 30, "chose_a": true, "response_time": "2025-01-14T21:05:38.570Z"}}, {"model": "baseapp.questionresponse", "pk": 196, "fields": {"assessment_response": 4, "question_pair": 31, "chose_a": false, "response_time": "2025-01-14T21:05:38.661Z"}}, {"model": "baseapp.questionresponse", "pk": 197, "fields": {"assessment_response": 4, "question_pair": 32, "chose_a": false, "response_time": "2025-01-14T21:05:38.753Z"}}, {"model": "baseapp.questionresponse", "pk": 198, "fields": {"assessment_response": 4, "question_pair": 33, "chose_a": false, "response_time": "2025-01-14T21:05:38.854Z"}}, {"model": "baseapp.questionresponse", "pk": 199, "fields": {"assessment_response": 4, "question_pair": 34, "chose_a": false, "response_time": "2025-01-14T21:05:38.934Z"}}, {"model": "baseapp.questionresponse", "pk": 200, "fields": {"assessment_response": 4, "question_pair": 35, "chose_a": true, "response_time": "2025-01-14T21:05:39.025Z"}}, {"model": "baseapp.questionresponse", "pk": 201, "fields": {"assessment_response": 4, "question_pair": 36, "chose_a": false, "response_time": "2025-01-14T21:05:39.116Z"}}, {"model": "baseapp.questionresponse", "pk": 202, "fields": {"assessment_response": 4, "question_pair": 37, "chose_a": false, "response_time": "2025-01-14T21:05:39.219Z"}}, {"model": "baseapp.questionresponse", "pk": 203, "fields": {"assessment_response": 4, "question_pair": 38, "chose_a": false, "response_time": "2025-01-14T21:05:39.310Z"}}, {"model": "baseapp.questionresponse", "pk": 204, "fields": {"assessment_response": 4, "question_pair": 39, "chose_a": true, "response_time": "2025-01-14T21:05:39.424Z"}}, {"model": "baseapp.questionresponse", "pk": 205, "fields": {"assessment_response": 4, "question_pair": 40, "chose_a": true, "response_time": "2025-01-14T21:05:39.526Z"}}, {"model": "baseapp.questionresponse", "pk": 206, "fields": {"assessment_response": 4, "question_pair": 41, "chose_a": true, "response_time": "2025-01-14T21:05:39.628Z"}}, {"model": "baseapp.questionresponse", "pk": 207, "fields": {"assessment_response": 4, "question_pair": 42, "chose_a": false, "response_time": "2025-01-14T21:05:39.719Z"}}, {"model": "baseapp.questionresponse", "pk": 208, "fields": {"assessment_response": 4, "question_pair": 43, "chose_a": false, "response_time": "2025-01-14T21:05:39.810Z"}}, {"model": "baseapp.questionresponse", "pk": 209, "fields": {"assessment_response": 4, "question_pair": 44, "chose_a": false, "response_time": "2025-01-14T21:05:39.935Z"}}, {"model": "baseapp.questionresponse", "pk": 210, "fields": {"assessment_response": 4, "question_pair": 45, "chose_a": false, "response_time": "2025-01-14T21:05:40.048Z"}}, {"model": "baseapp.questionresponse", "pk": 211, "fields": {"assessment_response": 4, "question_pair": 46, "chose_a": true, "response_time": "2025-01-14T21:05:40.161Z"}}, {"model": "baseapp.questionresponse", "pk": 212, "fields": {"assessment_response": 4, "question_pair": 47, "chose_a": true, "response_time": "2025-01-14T21:05:40.286Z"}}, {"model": "baseapp.questionresponse", "pk": 213, "fields": {"assessment_response": 4, "question_pair": 48, "chose_a": true, "response_time": "2025-01-14T21:05:40.409Z"}}, {"model": "baseapp.questionresponse", "pk": 214, "fields": {"assessment_response": 4, "question_pair": 49, "chose_a": true, "response_time": "2025-01-14T21:05:40.544Z"}}, {"model": "baseapp.questionresponse", "pk": 215, "fields": {"assessment_response": 4, "question_pair": 50, "chose_a": true, "response_time": "2025-01-14T21:05:40.669Z"}}, {"model": "baseapp.questionresponse", "pk": 216, "fields": {"assessment_response": 4, "question_pair": 51, "chose_a": true, "response_time": "2025-01-14T21:05:40.794Z"}}, {"model": "baseapp.questionresponse", "pk": 217, "fields": {"assessment_response": 4, "question_pair": 52, "chose_a": true, "response_time": "2025-01-14T21:05:40.918Z"}}, {"model": "baseapp.questionresponse", "pk": 218, "fields": {"assessment_response": 4, "question_pair": 53, "chose_a": true, "response_time": "2025-01-14T21:05:41.042Z"}}, {"model": "baseapp.questionresponse", "pk": 219, "fields": {"assessment_response": 4, "question_pair": 54, "chose_a": true, "response_time": "2025-01-14T21:05:41.170Z"}}, {"model": "baseapp.questionresponse", "pk": 220, "fields": {"assessment_response": 4, "question_pair": 55, "chose_a": true, "response_time": "2025-01-14T21:05:41.280Z"}}, {"model": "sessions.session", "pk": "dqfgutkv1l6vd22oq7rxk6aclmqxu0f0", "fields": {"session_data": ".eJxVjEEOwiAQRe_C2pAOBQZcuvcMBGZAqoYmpV0Z765NutDtf-_9lwhxW2vYel7CxOIsQJx-txTpkdsO-B7bbZY0t3WZktwVedAurzPn5-Vw_w5q7PVbZ0MqFgtoKXuLiZWzmlG7UsgZDTAmZ8FBQgAeyOMwFm-ysrqgisji_QHa4zda:1thuq4:YeHTVCki21Ld-Yxw5AmH_Cn7_69x6e9khCCGArdd9zI", "expire_date": "2025-02-25T18:18:28.431Z"}}, {"model": "sessions.session", "pk": "er7y6wg87hxf9g7a5nxxyu3rxpbz2kxt", "fields": {"session_data": "e30:1tVI88:M46iGjrqMVp0ILBPWpzqOfxmb7gAw94reCablbUchjI", "expire_date": "2025-01-21T22:32:56.141Z"}}, {"model": "sessions.session", "pk": "rhcgum320f780xp8h9wa3nqt28iizk8l", "fields": {"session_data": "e30:1tUv5u:l-93c4ZzDIpdMchXFiUjk2Rg5DxiUT8L_p9xrNR7xf8", "expire_date": "2025-01-20T21:57:06.459Z"}}]
